EXTREMISM,Count of EXTREMISM
Extremism,187
Terrorism,111
Ideology,74
Muslim,74
Counter-terrorism,62
Far-right_politics,61
Islamic_State_of_Iraq_and_the_Levant,52
Religion,50
Islamism,47
Social_media,39
Democracy,26
Pakistan,25
Populism,23
Library,22
United_States,21
Empirical_evidence,20
Islam,20
Jihadism,19
Jihad,18
Psychology,17
Education,16
Islamophobia,16
Evolution,15
In_Extremis_(play),15
Political_radicalism,15
Concept,14
Rhetoric,14
Basel_problem,13
Criminology,13
Perception,13
Propaganda,13
Boko_Haram,12
Canada,12
Causality,12
Norway,12
Polarization_(waves),12
Russia,12
Fundamentalism,11
Mental_health,11
Social_network,11
Society,11
Authoritarianism,10
China,10
Hate_speech,10
India,10
Neo-Nazism,10
Policy,10
Racism,10
Systematic_review,10
Twitter,10
Belief,9
Civil_society,9
Conspiracy_theory,9
Domestic_terrorism,9
Europe,9
Interventional_radiology,9
Attitude_(psychology),8
Culture,8
Emergency_department,8
Extremis,8
Fascism,8
Germany,8
Indonesia,8
Information,8
Islamic_fundamentalism,8
Islamic_terrorism,8
Major_trauma,8
Nigeria,8
North_Caucasus,8
Process_philosophy,8
Right-wing_politics,8
Right-wing_populism,8
Theory,8
War_on_Terror,8
Al-Qaeda,7
Belgium,7
Buddhism,7
Central_Asia,7
Critical_theory,7
Demography,7
Emotion,7
Ethics,7
Islamic_extremism,7
Kazakhstan,7
Kenya,7
Knowledge,7
Law,7
Morality,7
Pandemic,7
Politics,7
Public_health,7
Resuscitative_thoracotomy,7
Right-wing_terrorism,7
Salafi_movement,7
Surgery,7
Syria,7
Toleration,7
United_Kingdom,7
Violence,7
White_supremacy,7
YouTube,7
Afghanistan,6
Anti-fascism,6
Anxiety,6
Australia,6
Cognition,6
Communication,6
European_Union,6
Facebook,6
Freedom_of_religion,6
Globalization,6
Homicide,6
Identity_(social_science),6
Norm_(social),6
Pedagogy,6
Philosophy,6
Radicalization,6
Risk_management,6
Social_group,6
Aesthetics,5
Alt-right,5
Antisemitism,5
Balkans,5
Caliphate,5
Christchurch,5
Climate_change,5
Conservatism,5
Counter-insurgency,5
Disinformation,5
German_Empire,5
Golden_Dawn_(political_party),5
Infection,5
International_law,5
Jews,5
Liberalism,5
Logic,5
Lone_wolf_(terrorism),5
Middle_East,5
Multiculturalism,5
Persuasion,5
Religious_education,5
Religious_violence,5
Sentiment_analysis,5
Social_influence,5
Social_work,5
State_(polity),5
Sweden,5
Syrian_Civil_War,5
The_Power_(Snap!_song),5
Trojan_Horse,5
Tunisia,5
Ukraine,5
Understanding,5
War,5
Academia,4
Alternative_for_Germany,4
Anthropology,4
Bangladesh,4
Behavior,4
Bias,4
Conceptual_model,4
Dark_web,4
Elections_to_the_European_Parliament,4
Emergence,4
Endovascular_aneurysm_repair,4
Ethnic_group,4
Ethnography,4
Euroscepticism,4
Extracorporeal_membrane_oxygenation,4
Faith,4
Fistula,4
For_but_not_with,4
Foreign_policy,4
Gender,4
Geopolitics,4
Hate_crime,4
Honor_killing,4
Human_rights,4
Hungary,4
Idea,4
Internet_forum,4
Lebanon,4
Liberal_democracy,4
Mathematical_model,4
Meme,4
Nationalism,4
NATO,4
Nazism,4
Nordic_Resistance_Movement,4
Percutaneous,4
Phenomenon,4
Player_Versus_Environment,4
Political_economy,4
Political_party,4
Psychopathology,4
Qualitative_research,4
Risk_assessment,4
Rohingya_people,4
Sahel,4
Securitization,4
Shanghai_Cooperation_Organisation,4
Slovakia,4
Social_change,4
Social_network_analysis,4
Social_psychology,4
Southeast_Asia,4
Spirituality,4
Sri_Lanka,4
Sufism,4
Sustainability,4
Theology,4
Thoracotomy,4
United_Nations,4
Value_(ethics),4
West_Africa,4
Western_world,4
White_people,4
2011_Norway_attacks,3
4chan,3
A_Global_Threat,3
Adolescence,3
Africa,3
African_Union,3
Against_Violent_Extremism,3
Agent-based_model,3
American_Broadcasting_Company,3
Animal_rights,3
Autonomy,3
Biricodar,3
Bleeding,3
Bosnia_and_Herzegovina,3
Cardiogenic_shock,3
Censorship,3
Centrism,3
Citizenship,3
Community,3
Congenital_disorder,3
Content_analysis,3
Coronavirus,3
Crime,3
Cyberterrorism,3
Dark_triad,3
Deviance_(sociology),3
Differential_psychology,3
Economic_inequality,3
English_Defence_League,3
Epistemology,3
Evidence,3
Finland,3
France,3
Game_theory,3
Habitus_(sociology),3
Idealism,3
Institution,3
Insurgency,3
Interfaith_dialogue,3
Jordan,3
Ku_Klux_Klan,3
Libya,3
Linguistics,3
Longitudinal_study,3
Malaysia,3
Mental_disorder,3
Methodology,3
Misogyny,3
Moral_disengagement,3
Myanmar,3
Nation_state,3
Nature,3
Neoliberalism,3
Netherlands,3
Observational_learning,3
Ontological_security,3
Organization,3
Organized_crime,3
Orientalism,3
Pacifism,3
Paradox,3
Peace_education,3
Polarization_(politics),3
Precrime,3
Prejudice,3
Psychoanalysis,3
Quebec,3
Racialization,3
Reductionism,3
Refugee,3
Religious_intolerance,3
September_11_attacks,3
Sharia,3
Sikh,3
Social_exclusion,3
Social_stigma,3
Socialization,3
Sociology,3
South_Asia,3
Stereotype,3
Sympathy,3
Taliban,3
The_World_of_Null-A,3
Threat_assessment,3
Triumph_Heritage_Empowerment_Party,3
Unintended_consequences,3
United_Kingdom_European_Union_membership_referendum-_2016,3
Virtual_community,3
World_view,3
≈ªmigr√≥d,2
Affect_(psychology),2
Al-Shabaab_(militant_group),2
Amsterdam,2
Antifeminism,2
Antiscience,2
Aorta,2
Arab_Spring,2
Arabic,2
Arabs,2
Artificial_intelligence,2
Asymmetric_warfare,2
Autism,2
Big_data,2
Bioterrorism,2
Bone,2
Bradycardia,2
Brazil,2
Caesarean_section,2
Capitalism,2
Caretaker_government,2
Castration_anxiety,2
Chechnya,2
Chest_injury,2
China‚ÄìPakistan_Economic_Corridor,2
Christian,2
Cold_War,2
Collective_action,2
Color_blindness_(race)_in_the_United_States,2
Common_good,2
Common_sense,2
Communism,2
Conformity,2
Congenital_diaphragmatic_hernia,2
Consciousness,2
Correlation_and_dependence,2
Cosmology,2
Cosmopolitanism,2
Cricothyrotomy,2
Critical_discourse_analysis,2
Critical_literacy,2
Critical_thinking,2
Crossing_Lines,2
Cultural_assimilation,2
Cumulative_extremism,2
Cybercrime,2
Cyberspace,2
Damage_control_surgery,2
Definitions_of_terrorism,2
Denmark,2
Discrimination,2
Divide_and_rule,2
Doctor_of_Philosophy,2
Donald_Trump,2
Eastern_Europe,2
Economic_growth,2
Ecosystem,2
Education_in_Russia,2
Election,2
Electrocardiography,2
Empiricism,2
Employment,2
Endogeny_(biology),2
England,2
Euclidean_vector,2
Eurasia,2
European_integration,2
European_Islam,2
Ex-ante,2
Exegesis,2
Experiment,2
Exsanguination,2
Extreme_Behavior,2
Fanaticism,2
Feedback,2
Feminism,2
Fergana_Valley,2
Firearm,2
Football,2
Forced_migration,2
Forensic_science,2
Fracture,2
Framing_(social_sciences),2
Freedom_of_speech,2
Gay,2
Genocide,2
God,2
Gout,2
Governmentality,2
Grand_strategy,2
Grassroots,2
Great_Britain,2
Group_dynamics,2
Hamas,2
Hemodynamics,2
Hernia,2
Higher_education,2
Hijab,2
Hindutva,2
Human_security,2
Informa,2
Information_and_communications_technology,2
International_human_rights_law,2
Internet,2
Internet_activism,2
Intraosseous_infusion,2
Intravenous_therapy,2
Introspection,2
Iran,2
Iraq,2
Isis,2
Islamic_revival,2
Islamization,2
Israel,2
Japan,2
Kosovo,2
Kyrgyzstan,2
Left-wing_politics,2
Left-wing_terrorism,2
Machine_learning,2
Messiah,2
Meta-analysis,2
Mirwas,2
Modernity,2
Morocco,2
Mortality_rate,2
Motivation,2
Multidimensional_analysis,2
Nadeem_Aslam,2
Narendra_Modi,2
National_security,2
Naturalism_(literature),2
New_South_Wales,2
Nordic_countries,2
Northern_Ireland,2
Observation,2
Office_for_Security_and_Counter-Terrorism,2
Oligarchy,2
Organism,2
Organization_for_Security_and_Co-operation_in_Europe,2
Other,2
Palliative_care,2
Paramilitary,2
Patriarchy,2
Patriotism,2
Peace_in_Islamic_philosophy,2
Pediatrics,2
Pegida,2
Penetrating_trauma,2
Philippines,2
Physics,2
Police,2
Political_philosophy,2
Power_(social_and_political),2
Praxis_(process),2
PRISM_(surveillance_program),2
Privacy,2
Professional_boundaries,2
Proportional_representation,2
Psycholinguistics,2
Psychometrics,2
Psychophysiology,2
Racial_segregation,2
Reason,2
Reflexivity_(social_theory),2
Religious_literacy,2
Religious_pluralism,2
Renaissance,2
Research_ethics,2
Restorative_justice,2
Right_Sector,2
Right-wing_authoritarianism,2
Robert_Strichartz,2
Romanticism,2
Rwandan_genocide,2
Scientific_method,2
Sectarianism,2
Secularism,2
Selective_exposure_theory,2
Separatism,2
Sexual_orientation,2
Shia_Islam,2
Social_alienation,2
Social_contract,2
Social_dominance_orientation,2
Social_integration,2
Social_justice,2
Social_movement,2
Social_networking_service,2
Social_relation,2
Societal_security,2
Somalia,2
Somalis,2
Source_credibility,2
Sovereign_citizen_movement,2
Stakeholder_(corporate),2
Stock_market,2
Streitbare_Demokratie,2
Structuralism,2
Subjectivity,2
Sudan,2
Sunni_Islam,2
Sydney,2
Tajikistan,2
Tea_Party_movement,2
The_Holocaust,2
The_Pussycat_Dolls,2
The_Scene_(miniseries),2
Theresienstadt_concentration_camp,2
Thoracostomy,2
Timbuktu,2
Time,2
Trace_operator,2
Trinidad_and_Tobago,2
Turkish_language,2
Ummah,2
Unite_the_Right,2
United_Nations_Security_Council,2
United_States_Agency_for_International_Development,2
United_States_Senate,2
Unmanned_aerial_vehicle,2
Utopia,2
Vaccine,2
Valence_(chemistry),2
Vibration,2
Virtual_reality,2
What_the_Bleep_Do_We_Know!?,2
White_nationalism,2
Wicked_problem,2
Woman,2
Women's_rights,2
...And_Justice_for_All_(album),1
√âtienne_Balibar,1
√Üon_Group,1
111th_United_States_Congress,1
2011_in_Kazakhstan,1
2012_Malian_coup_d'√©tat,1
2014_Endeavour_Hills_stabbings,1
2014_Sydney_hostage_crisis,1
7_July_2005_London_bombings,1
8chan,1
A_Fine_Balance,1
A_Matter_of_Life_and_Death_(album),1
Abdomen,1
Abdominal_compartment_syndrome,1
Abrek,1
Abu_Mansur_al-Maturidi,1
Acculturation,1
Acetone_peroxide,1
Action_theory_(philosophy),1
Activism,1
Acute_care,1
Acute_respiratory_distress_syndrome,1
ADHM_construction,1
Adverse_Childhood_Experiences_Study,1
Advertising,1
Advocacy_group,1
Aerial_warfare,1
AFI_(album),1
Aid,1
Al-Farabi,1
Alain_de_Benoist,1
Albert_Gore-_Sr.,1
Algeria,1
Algorithm,1
All_rights_reserved,1
Allergy,1
Allied_Democratic_Forces,1
Altab_Ali_Park,1
Alternative_media,1
Altruism,1
Amanda_Lindhout,1
Amaranthus_spinosus,1
Ambiguity,1
American_Physical_Society,1
American_Psychological_Association,1
American_University_of_Nigeria,1
Amin_Maalouf,1
Ammonium_nitrate,1
Amphetamine,1
Anatomical_terms_of_location,1
Ancient_Greece,1
Andrew_Pratt,1
Andy_Leaning,1
Anesthesia,1
Angela_Merkel,1
Angiography,1
Anglicanism,1
Animal_rights_movement,1
Annapurna,1
Anomalous_aortic_origin_of_a_coronary_artery,1
Anomalous_pulmonary_venous_connection,1
Anomaly_detection,1
Antagonist,1
Anti-abortion_violence,1
Anti-Americanism,1
Anti-establishment,1
Anti-racism,1
Anticonformism,1
Antiziganism,1
Aortic_valvuloplasty,1
Aphasia,1
Appeasement,1
Application_software,1
Applied_Drama,1
Arahmaiani,1
Architectural_conservation,1
Arend_Lijphart,1
Aristotle,1
Army_of_One_(The_Sopranos),1
Arousal,1
Arteriovenous_malformation,1
As_the_World_Turns,1
Asbj√∏rn_Haugstvedt,1
Ascending_aorta,1
Asceticism,1
Asian_Americans,1
Assam,1
Association_football,1
Association_of_Southeast_Asian_Nations,1
Asthma,1
Astrocyte,1
Asystole,1
Atlantic_Canada,1
Atlanto-occipital_dislocation,1
Augusto_de_Campos,1
Australian_Christian_Lobby,1
Australian_constitutional_law,1
Austria,1
Austrian_School,1
Autism_spectrum,1
Autocorrelation,1
Autoimmunity,1
Autonome_Nationalisten,1
Autotransplantation,1
Axilla,1
Ayn_Rand,1
Ayurveda,1
Azygos_vein,1
Babesia,1
Back_to_the_Future,1
Bahrain,1
Bal_Gangadhar_Tilak,1
Bali_Peace_Park,1
Ball_and_beam,1
Balochistan-_Pakistan,1
Barack_Obama_citizenship_conspiracy_theories,1
Barometer,1
Barriers_to_exit,1
Barry_Goldwater,1
Battle_of_Saipan,1
Battle_of_Takur_Ghar,1
Bayesian_probability,1
Berlin,1
Better_Together_(campaign),1
Bible,1
Bibliometrics,1
Bindy_Johal,1
Bioethics,1
Biomarker,1
Biopower,1
Bitcoin,1
Black_metal,1
Black_Sea,1
Blasphemy,1
Blast_injury,1
Blunt_trauma,1
Bombing_of_Dresden_in_World_War_II,1
Book_of_Genesis,1
Boson,1
Bounded_rationality,1
Bradford,1
Breastfeeding,1
British_Army,1
British_Fascism,1
British_National_Party,1
Brothers_in_Arms_(Dire_Straits_album),1
Brothers_in_Arms_(video_game_series),1
Bubonic_plague,1
Burkina_Faso,1
Burqa,1
Burrow,1
C√≥rdoba-_Andalusia,1
Cain_and_Abel,1
California,1
Cameroon,1
Campaign_finance,1
Campaign_finance_reform_in_the_United_States,1
Carbon-fiber-reinforced_polymer,1
Cardiopulmonary_resuscitation,1
Care_work,1
Carl_Rogers,1
Carl_Schmitt,1
Case_report,1
Case_study,1
Casualty_(person),1
Cat_Stevens,1
Categorization,1
CBRN_defense,1
Celibacy,1
Cenotaph,1
Cerberus_Capital_Management,1
Certificate_authority,1
Certiorari,1
Change_management,1
Channel_One_Russia,1
Chantal_Mouffe,1
Chaplain,1
Chapterhouse,1
Charismatic_Movement,1
Chastity,1
Chechens,1
Chemical_weapon,1
Chemistry,1
Chibok,1
Chibok_schoolgirls_kidnapping,1
Child,1
Children's_culture,1
Children's_literature,1
China‚ÄìPakistan_relations,1
Chokri_Belaid,1
Christian_Democracy_(Italy),1
Christianity,1
Circulatory_system,1
Civic_virtue,1
Civics,1
Civil_conflict_in_the_Philippines,1
Civil_liberties,1
Clientelism,1
Climate,1
Climate_change_and_agriculture,1
Coalition_government,1
Coda_(music),1
Codebook,1
Coercion,1
Coevolution,1
Cognitive_model,1
Collective_narcissism,1
Collective_self-esteem,1
Colloid,1
Colloid_cyst,1
Colonialism,1
Columbine_High_School_massacre,1
Commanding_what_is_just,1
Commissurotomy,1
Common_law,1
Commonwealth_Heads_of_Government_Meeting,1
Commonwealth_of_Nations,1
Communalism,1
Communist_Party_of_China,1
Communitarianism,1
Compactification_(mathematics),1
Complex_systems,1
Composite_material,1
Compressibility,1
Computer_security,1
Computer-mediated_communication,1
Conceptual_metaphor,1
Conditional_probability,1
Confirmation_bias,1
Confirmatory_factor_analysis,1
Conflict_escalation,1
Conflict_resolution,1
Conformal_map,1
Consequentialism,1
Constitution,1
Constitutionalism,1
Construct_validity,1
Context_(language_use),1
Contingent_sovereignty,1
COPINE_scale,1
Coptic_Orthodox_Church_of_Alexandria,1
Copts,1
Cordon_sanitaire,1
Cormac_McCarthy,1
Corporal_punishment,1
Correctional_Service_of_Canada,1
Council_of_Europe,1
Counter-Terrorism_and_Security_Act_2015,1
Counterculture_of_the_1960s,1
Counterjihad,1
Creativity,1
Crime_against_peace,1
Crime_in_the_United_States,1
Crimean_Tatars,1
Criminal_law,1
Crisis_hotline,1
Critical_legal_studies,1
Critical_terrorism_studies,1
Criticism_of_Islamism,1
Criticism_of_religion,1
Cross-cultural_psychiatry,1
Cross-cultural_psychology,1
Cross-cultural_studies,1
Cross-sectional_study,1
Crossposting,1
Cryptobiosis,1
CT_scan,1
Cultural_competence,1
Cultural_globalization,1
Cultural_learning,1
Curve,1
Cyberbullying,1
Cyberculture,1
Cynicism_(philosophy),1
Czech_Republic,1
Daanish_Schools,1
Dabiq_(magazine),1
Daily_Mail,1
Daily_Politics,1
Dark_fibre,1
Data_mining,1
Death_of_Osama_bin_Laden,1
Debridement,1
Decision-making,1
Decolonization,1
Defamation,1
Definition,1
Demobilization,1
Democracy_in_America,1
Democratic_Party_(United_States),1
Demonstration_(protest),1
Derna-_Libya,1
Determinism,1
Deus_Ex,1
Dhaka,1
Dialysis,1
Dichotomy,1
Dictatorship,1
Diego_Gambetta,1
Dihydroorotate_dehydrogenase,1
Dimension,1
Disappearing_Acts,1
Disarmament-_demobilization_and_reintegration,1
Discordianism,1
Discourse,1
Discourse_analysis,1
Discrete_mathematics,1
Disease,1
Divine_Comedy,1
Doctrine,1
Dogma,1
Domestic_energy_consumption,1
Domestic_terrorism_in_the_United_States,1
Dominion_Theology,1
Don_DeLillo,1
Doris_Lessing,1
DSM-5,1
Dubai,1
Dutch_language,1
Dylann_Roof,1
Dynamical_system,1
E-commerce,1
Early_childhood_education,1
Earth_liberation,1
East_Africa,1
East_Germany,1
Eastern_Time_Zone,1
Eating_disorder,1
Echo_chamber_(media),1
Echocardiography,1
Ecofascism,1
Ecological_crisis,1
Ecology,1
Economic_globalization,1
Economics,1
Economics_of_religion,1
Economy,1
Ecopsychology,1
Edmund_Burke_Society,1
Education_in_England,1
Educational_psychology,1
Egyptians,1
Eichmann_in_Jerusalem,1
Eigenvalues_and_eigenvectors,1
Elections_in_Slovakia,1
Electroencephalography,1
Electromechanics,1
Elfriede_Jelinek,1
Elias_Canetti,1
Elite_Two,1
Elsevier,1
Emergency_medicine,1
Emic_and_etic,1
Empathy,1
Empirical_relationship,1
Empirical_research,1
End_time,1
Endemic_(epidemiology),1
Energy_conservation,1
English_language,1
Enlightened_moderation,1
Entitativity,1
Entropy,1
Environmentalism,1
Epidemiology,1
Epidural_hematoma,1
Erosion,1
Essentialism,1
Ethical_Oil:_The_Case_for_Canada's_Oil_Sands,1
Ethnic_conflict,1
Ethnic_nationalism,1
Ethnocentrism,1
Ethnoreligious_group,1
Ethylenediaminetetraacetic_acid,1
Eudaimonia,1
Euphrates,1
European_Commission,1
Evangelicalism,1
Evangelism,1
Evidence-based_medicine,1
Evidence-based_policing,1
Evolutionary_game_theory,1
Evolutionary_invasion_analysis,1
Ewing's_sarcoma,1
Exaptation,1
Executive_sponsor,1
Existence,1
Explanation,1
Exploratory_data_analysis,1
Externality,1
Eye_in_the_Sky_(2015_film),1
Fa√Øza_Gu√®ne,1
Facility_location_problem,1
Fact,1
Fairleigh_Dickinson_University,1
Family,1
Family_resilience,1
Family_Ties,1
Fantasy,1
Far_Cry_Primal,1
Far-left_politics,1
FARC,1
Fathom,1
Faustus_of_Riez,1
Feature_selection,1
Femininity,1
Feminism_in_France,1
Feminist_ethics,1
Femme_fatale,1
Festuca,1
Fetishism,1
Fetus,1
Field_hospital,1
Final_Fantasy_IV:_The_After_Years,1
Financial_crisis,1
Financial_inclusion,1
First_Amendment_to_the_United_States_Constitution,1
First-past-the-post_voting,1
Flashbulb_memory,1
Floating_signifier,1
Florence,1
Food_security,1
Football_hooliganism,1
Force_multiplication,1
Foreign_direct_investment_in_India,1
Foreign_policy_of_the_United_States,1
Foreign_relations_of_Russia,1
Forensic_psychiatry,1
Forest_for_the_Trees,1
Fossil_fuel,1
Frack_Off,1
Frankie_Laine,1
Franz_Rellich,1
Free_rider_problem,1
Free_trade,1
Free_will,1
Freedom_of_information,1
Freedom_of_information_laws_by_country,1
Freedom_of_thought,1
French_Colonial_Union,1
French_language,1
From_Your_Mouth,1
From_Zero_to_Hero,1
Front_(military_formation),1
Function_(mathematics),1
ƒêeraƒë,1
G√ºnter_Grass,1
Galvanization,1
Gamergate_controversy,1
Gastroenteritis,1
Gatekeeping_(communication),1
Gender_equality,1
Gender_mainstreaming,1
Gender_role,1
General_relativity,1
Genocide_denial,1
Geodesic,1
Geoeconomics,1
Georg_Wilhelm_Friedrich_Hegel,1
George_Herbert_Mead,1
Georgetown_University,1
Geotechnical_engineering,1
Geranium,1
German_language,1
German_literature,1
GFK_(band),1
GfK_Entertainment_Charts,1
Global_health,1
Global_Terrorism_Database,1
Global_warming,1
Good_Worldwide,1
Gordon_Henry,1
Government,1
Government_of_the_United_Kingdom,1
Gradient,1
Grand_coalition,1
Graph_embedding,1
Graphic_novel,1
Graphics_processing_unit,1
Gravity,1
Great_Plains,1
Grounded_theory,1
Group_cohesiveness,1
Group_polarization,1
Gun_violence,1
Gustav_Weigand,1
Hadith,1
Hama,1
Happiness,1
Hashtag,1
Hate_group,1
Hate_studies,1
Hatred,1
Hawala,1
Headspace_(firearms),1
Health_literacy,1
Heart,1
Hebron,1
Hegemonic_masculinity,1
Hegemony,1
Hemiparesis,1
Hemipelvectomy,1
Henning_Mankell,1
Herat,1
Herbert_Read,1
Hermeneutics_of_suspicion,1
Herta_M√ºller,1
Heuristic,1
Hiatus_hernia,1
Hibernation,1
Hilltop_Youth,1
Hindu_nationalism,1
Hispanic_and_Latino_American_Muslims,1
Historical_revisionism_(negationism),1
Historiography,1
HIV/AIDS,1
Homa_(ritual),1
Homelessness,1
Homogeneity_and_heterogeneity,1
Homophily,1
Homosexuality,1
Homotopy,1
Honour_killing_in_Pakistan,1
Horn_of_Africa,1
Howard_Brenton,1
Human_body,1
Human_nature,1
Human_nose,1
Human_sexuality,1
Human_trafficking,1
Humanism,1
Humanitarianism,1
Hybrid_warfare,1
Hybridity,1
Hygiene,1
Hypatia,1
Hypertargeting,1
Hypothesis,1
Iconoclasm,1
Identitarian_movement,1
Identity_(philosophy),1
Identity_and_change,1
Identity_crisis,1
Ideogram,1
If_Not_Now_Then_When?,1
Illegal_drug_trade,1
Illegal_immigration,1
Immigration,1
Immune_system,1
Immunoassay,1
Impella,1
In_Others'_Words,1
In_Our_Time_(radio_series),1
In_Plain_Sight,1
In_silico,1
In_vitro,1
In-group_favoritism,1
Inborn_error_of_metabolism,1
Indentured_servant,1
Index_on_Censorship,1
Indigenous_Australian_art,1
Individual,1
Individuation,1
Inductive_transfer,1
Industrial_and_organizational_psychology,1
Inequality_(mathematics),1
Inertia,1
Infant,1
Inference,1
Infographic,1
Informal_sector,1
Information_technology,1
Information_theory,1
Ingroups_and_outgroups,1
Inquiry,1
Instagram,1
Instrumentalism,1
Insurrectionary_anarchism,1
Integrative_complexity,1
Integrative_psychotherapy,1
Intellectual,1
Intercultural_communication,1
Interculturalism,1
Intergroup_anxiety,1
Internal_iliac_artery,1
Internally_displaced_person,1
International_Political_Sociology,1
International_Security_Assistance_Force,1
Internationalism_(politics),1
Internet_and_terrorism,1
Internet_censorship,1
Internet_troll,1
Intersubjectivity,1
Interwar_period,1
Irregular_warfare,1
Ischemia,1
Islam_and_violence,1
Islam_in_Australia,1
Islam_in_Europe,1
Islam_in_Sri_Lanka,1
Islam_in_the_United_States,1
Islamic_republic,1
Islamic_studies,1
Islamophobia_in_Australia,1
Islamophobic_incidents,1
Issue_voting,1
Istanbul,1
Italian_Fascism,1
Italian_language,1
Italy,1
Ivan_Turgenev,1
Jacques_Lacan,1
Jair_Bolsonaro,1
Jasmin_Gerat,1
Jean_Paul_M√©daille,1
Jehovah's_Witnesses,1
Jerry_Williams_(singer),1
Jerusalem_syndrome,1
Jhansi,1
Jirga,1
Jobbik,1
Johann_Wolfgang_von_Goethe,1
Johannesburg,1
John_Rawls,1
John_Stuart_Mill,1
Joseph_Kane,1
Juan_V√°zquez_Terreiro,1
Judgement,1
Julie-_or_the_New_Heloise,1
Jumanji,1
Jurisprudence,1
Just_a_Girl,1
Kano,1
Kashmir,1
Kevin_Eyster,1
Khmer_Rouge,1
Khyber_Pakhtunkhwa,1
Kickboxing,1
Kinship,1
Kiyoshi_Kurosawa,1
Knowledge_management,1
Komi_Republic,1
Kurds,1
Kuwait_University,1
Kwale_County,1
Labour_Party_(UK),1
Laconic_phrase,1
Lagrange_multiplier,1
Lake_Chad,1
Language,1
Laparoscopic_surgery,1
Laparotomy,1
Laryngoscopy,1
Larynx,1
Law_of_excluded_middle,1
Lawsuit,1
Lee_Klein,1
Left_coronary_artery,1
Left-wing_populism,1
Legacy_Effects,1
Legacy_of_Blood,1
Legislation,1
Lenny_Bruce,1
Leonhard_von_Hohenhausen,1
Leukoencephalopathy,1
Levant,1
Liberal_Muslim_movements,1
Liberty,1
Lie_algebra,1
Linguistic_description,1
Lion's_Blood,1
Liquid_crystal,1
List_of_counseling_topics,1
Liver,1
Living_on_the_Edge_(Dewey_Redman_album),1
Lobbying,1
Logarithmically_concave_function,1
LOL,1
London,1
Loss_of_significance,1
Love_Jihad,1
Machete,1
Machiavellianism,1
Machine_to_machine,1
Macron,1
Mad_Kids,1
Made_in_Canada,1
Madrasa,1
Malta,1
Manga,1
Maoism,1
Marian_Kotleba,1
Marie_Curie,1
Mark_Zuckerberg,1
Marriage_of_Inconvenience,1
Martin_Luther_King-_Jr.,1
Masculinity,1
Mass_line,1
Mass_shooting,1
Mass_surveillance,1
Materialism,1
Maximum_likelihood,1
May_you_live_in_interesting_times,1
MC_Hammer,1
Meatless_Monday,1
Mechanical_ventilation,1
Meconium,1
Media_activism,1
Media_bias,1
Media_consumption,1
Media_culture,1
Media_literacy,1
Media_Play,1
Mediation_(statistics),1
Medical_diagnosis,1
Medical_evacuation,1
Medical_ultrasound,1
Medicine,1
Melbourne,1
Melis_van_de_Groep,1
Men_Without_Names,1
MENA,1
Mens_rea,1
Mental_model,1
Mental_rotation,1
Mercenary,1
Metacognition,1
Metaphor,1
Metastasis,1
Meteorology,1
Metonymy,1
MG_42,1
Michel_Foucault,1
Microsociology,1
Middle_Ages,1
MIDI,1
Midwest_Political_Science_Association,1
Militarism,1
Military_acquisition,1
Military_Affairs_Commission,1
Military_dictatorship,1
Military_operation,1
Military_use_of_children,1
Military‚Äìindustrial_complex,1
Militia,1
Millennialism,1
Mind_control,1
Mindfulness,1
Minneapolis,1
Minority_group,1
Mircea_Eliade,1
Misanthropy,1
Mission:_Impossible,1
Mississippi,1
Mnemonic,1
Mobile_instant_messaging,1
Modern_history,1
Monetary_policy,1
Monopoly,1
Montesquieu,1
Mood_disorder,1
Moral_foundations_theory,1
More_Than_a_Game_(song),1
Mosque,1
Mother,1
Motivational_interviewing,1
Muhajirun,1
Mujahideen,1
Multistability,1
Murder_of_Lee_Rigby,1
Muscular_liberalism,1
Myocardial_rupture,1
Myrrha,1
N-end_rule,1
Nanai_language,1
NASA,1
Nation,1
Nation-building,1
National_Council_(Slovakia),1
National_Front_(France),1
National_Socialist_black_metal,1
National_Trauma_Data_Bank,1
Nativism_(politics),1
Natural_language_processing,1
Natural_language_understanding,1
Nazi_Germany,1
Nazi_propaganda,1
Necrosis,1
Necrotizing_fasciitis,1
Neo-fascism,1
Neo-nationalism,1
Nephrectomy,1
Netarhat,1
Network_science,1
Neurocognitive,1
Neuroimaging,1
Neuropathology,1
Neuropolitics,1
Neuropsychology,1
Neurosis,1
Neutron_star,1
New_Crusaders,1
New_French_Extremity,1
New_Guinea,1
New_Order_(Nazism),1
New_Politics_(band),1
New_religious_movement,1
New_security_concept,1
New_Wave_science_fiction,1
News_media,1
News_values,1
Newt_Gingrich,1
No_Surrender_(song),1
Nominal_group_technique,1
Non-linear_sigma_model,1
Non-state_actor,1
Nonviolence,1
North_America,1
North_Ossetia-Alania,1
Numerical_analysis,1
Nuruddin_Farah,1
Oath_Keepers,1
Obama_Doctrine,1
Obsessive‚Äìcompulsive_disorder,1
Oceania,1
Off-label_use,1
Oklahoma_City,1
Old_Finland,1
Omar_Khadr,1
Oncoplastic_Surgery,1
Online_and_offline,1
Online_content_analysis,1
Online_identity,1
Online_petition,1
Open_aortic_surgery,1
Open-source_software,1
OpenSocial,1
Operation_Enduring_Freedom,1
Operation_Inherent_Resolve,1
Operation_Serval,1
Opium,1
Oppression,1
Organizational_behavior,1
Orthopedic_surgery,1
Osama_bin_Laden,1
Oslo,1
Ostracism,1
Our_Time_Has_Come,1
Outdoor_education,1
Outer_space,1
Overlapping_consensus,1
Pablo_Picasso,1
Paganism,1
Pakistan_studies,1
Palestinians,1
Palimpsest,1
Pan-nationalism,1
Pancreatitis,1
Paracetamol,1
Paradigm_shift,1
Parasocial_interaction,1
Particle_physics,1
Particle_swarm_optimization,1
Peace,1
Peacekeeping,1
Peer_review,1
Peer-to-peer,1
Pelvic_fracture,1
Percutaneous_coronary_intervention,1
Peremptory_norm,1
Permanent_Secretary,1
Personal_identity,1
Personality_disorder,1
Personality_psychology,1
Personality_type,1
Pesantren,1
Peshawar,1
Phase_space,1
Philippe_Grandrieux,1
Philosophy_for_Children,1
Philosophy_of_education,1
Phylogenetics,1
Physiology,1
Placebo,1
Plebs,1
Plurality_voting_system,1
Pneumothorax,1
Poetry,1
Poland‚ÄìUkraine_relations,1
Policy_debate,1
Policy_of_deliberate_ambiguity,1
Policy-based_evidence_making,1
Poliomyelitis,1
Political_campaign,1
Political_extremism_in_Japan,1
Political_fiction,1
Political_freedom,1
Political_geography,1
Political_religion,1
Political_science,1
Political_socialization,1
Political_sociology,1
Political_system,1
Politicide,1
Polytetrafluoroethylene,1
Portuguese_language,1
Postmodernism,1
Posttraumatic_stress_disorder,1
Poverty,1
Prada,1
Pre-service_teacher_education,1
Precarity,1
Precipitation,1
Predictive_validity,1
Preprint,1
Presidency_of_Barack_Obama,1
President_of_France,1
Preventive_detention,1
Prime_minister,1
Primo_Levi,1
Probability,1
Prohibition,1
Prophet,1
Prosocial_behavior,1
Prosthesis,1
Prosumer,1
Protest,1
Psychiatrist,1
Psychological_manipulation,1
Psychological_resilience,1
Psychological_trauma,1
Psychopathy,1
Public_choice,1
Public_diplomacy,1
Public_good,1
Public_Health_Security_and_Bioterrorism_Preparedness_Response_Act,1
Public_policy,1
Public_relations,1
Public_sphere,1
Publics,1
Punishment,1
Punjab-_Pakistan,1
Pussy_Riot,1
Pythiosis,1
Qatar_University,1
Qualitative_comparative_analysis,1
Quality_of_life,1
Quantum_entanglement,1
Queen's_Counsel,1
Questionnaire,1
Quid_pro_quo,1
Race_(human_categorization),1
Race_card,1
Racism_in_Brazil,1
Racism_in_the_United_Kingdom,1
Radar,1
Radiation,1
Radical_11,1
Radical_America,1
Rakhine_people,1
Rakhine_State,1
Rangatira,1
Rape,1
Rashtriya_Swayamsevak_Sangh,1
Rating_(pharmaceutical_industry),1
Rational_choice_theory,1
Rationality,1
Reactance_(psychology),1
Reactionary_modernism,1
Realist_Evaluation,1
Reality_Check_(podcast),1
Rebellion,1
Reclaim_Australia,1
Recommender_system,1
Recontextualisation,1
Recruitment,1
Red_Brigades,1
Red_line_(phrase),1
Red_pill_and_blue_pill,1
Reddit,1
Reformism,1
Relative_deprivation,1
Reliability_theory,1
Religious_experience,1
Religious_persecution,1
Religious_socialism,1
Remembering_Srebrenica,1
Remote_sensing,1
Ren√©_Descartes,1
Rent-seeking,1
Representative_democracy,1
Republic_of_Serbian_Krajina,1
Republican_Party_(United_States),1
Research,1
Respiratory_failure,1
Responsibility_to_protect,1
Restorative_practices,1
Resuscitation,1
Retributive_justice,1
Retroperitoneal_hemorrhage,1
Revolution_Muslim,1
Risk,1
Robert_Cox_(journalist),1
Roll_Call,1
Roshonara_Choudhry,1
Rostov_Oblast,1
Rotational_symmetry,1
Rotavirus,1
Rule_of_law,1
Russian_Orthodox_Church,1
Russians,1
SAGE_Publications,1
Saint_Petersburg,1
Salome,1
Sam_Mills,1
Sampling_bias,1
San_Diego,1
Santri,1
Satire,1
Saudi_Arabia,1
Schematic,1
Schr√∂dinger_equation,1
Science_in_the_medieval_Islamic_world,1
Scientific_modelling,1
Scientometrics,1
Script_analysis,1
Sea_captain,1
Security_(finance),1
See_'n_Say,1
Segmental_resection,1
Self-disclosure,1
Self-help,1
Self-organization,1
Selfie,1
Semantic_field,1
Semantic_role_labeling,1
Sensation_seeking,1
Separation_of_powers,1
Serious_game,1
Service-learning,1
Set_(mathematics),1
Sex_linkage,1
Sexual_harassment,1
Shame,1
Sharin_Sapien,1
Shin_Bet,1
Should_I_Stay_or_Should_I_Go,1
Silent_majority,1
Sindh,1
Singapore,1
Single-issue_politics,1
Sisters_in_Islam,1
Situation_awareness,1
Skinhead,1
Skittles_(sport),1
Slavoj_≈Ωi≈æek,1
Smart_city,1
Snapshot_(computer_storage),1
Social_behavior,1
Social_capital,1
Social_class,1
Social_construction_of_gender_difference,1
Social_control,1
Social_desirability_bias,1
Social_environment,1
Social_impact_assessment,1
Social_neuroscience,1
Social_polarization,1
Social_preferences,1
Social_representation,1
Social_science,1
Social_semiotics,1
Social_status,1
Socialism,1
Socioemotional_selectivity_theory,1
Sociology_of_race_and_ethnic_relations,1
Sociology_of_religion,1
Sodium,1
Soft_law,1
Soft_power,1
Soft_target,1
Soldiers_of_Odin,1
Solidarity,1
Soul,1
Southeast_Europe,1
Sovereignty,1
Soviet‚ÄìAfghan_War,1
Spain,1
Spamming,1
Spanish_Civil_War,1
Spatial_analysis,1
Special_forces,1
Specific_relative_angular_momentum,1
Speech_act,1
Sphere_sovereignty,1
Spinal_cord_injury,1
Springer_Nature,1
Spudcan,1
Square_lattice,1
Starbucks,1
State_law_(United_States),1
State_of_emergency,1
State_of_Play_(TV_serial),1
Stationary_state,1
Statistical_model,1
Statistics,1
Status_Anxiety,1
Stele,1
Stent,1
Strain_theory_(sociology),1
Strange_Bedfellows_(1965_film),1
Strange_Bedfellows_(Star_Trek:_Deep_Space_Nine),1
Strategic_Negotiations,1
Strategy_(game_theory),1
Stress_(mechanics),1
Subaltern_(postcolonialism),1
Subcultural_theory,1
Substance_abuse,1
Suffering,1
Sufficient_statistic,1
Sugar,1
Suicide_attack,1
Sunnah,1
Supergravity,1
Supermajority,1
Superoxide_dismutase,1
Supratentorial_region,1
Supreme_Court_of_the_United_States,1
Survey_research,1
Survival_analysis,1
Switzerland,1
Symbolic_power,1
Symptom,1
Syncope_(medicine),1
Synecdoche,1
Syrian_Democratic_Forces,1
System_justification,1
Tabish_Khair,1
Tabloid_(newspaper_format),1
Takbir,1
Takfiri,1
Tallinn,1
Tanner_'88,1
Tanzim_Qaidat_al-Jihad_fi_Bilad_al-Rafidayn,1
Task_analysis,1
Tatarstan,1
Technological_convergence,1
Technological_singularity,1
Technology,1
Telegraphy,1
Temporal_bone,1
Terminal_illness,1
Terror_management_theory,1
Terror_Trail,1
Terrorism_financing,1
Terrorism_in_China,1
Terrorism_in_Germany,1
Terrorism_in_Indonesia,1
Terrorism_in_Kenya,1
Terrorism_in_Pakistan,1
Terrorism_in_the_United_Kingdom,1
Tertiary_education,1
Testimony,1
Texas,1
The_Ghost_in_Daylight,1
The_Good_Life_(1975_TV_series),1
The_Good_Muslim,1
The_Killing_Fields_(film),1
The_Legend_of_Korra_(season_1),1
The_Moor_(The_Borgias),1
The_New_Normal_(TV_series),1
The_People_Versus,1
The_Perfect_Storm_(film),1
The_Scheduled_Tribes_and_Other_Traditional_Forest_Dwellers_(Recognition_of_Forest_Rights)_Act-_2006,1
The_Social_Contract,1
The_Sound_of_Silence,1
The_T.O._Show,1
The_Ties_That_Bind_(Bruce_Springsteen_song),1
The_True_Believer,1
The_Wait_Out,1
The_Way_Ahead,1
Thematic_analysis,1
Theognis_of_Megara,1
Third-person_effect,1
Thoracic_cavity,1
Thought,1
Tik-Tok_(Oz),1
Tissue_plasminogen_activator,1
To≈Çwin,1
Tool,1
Topology,1
Totalitarianism,1
Tourniquet,1
Trait_theory,1
Transcendence_(religion),1
Transesophageal_echocardiogram,1
Transitional_fossil,1
Transnational_crime,1
Transnationalism,1
Trauma_surgery,1
Trauma_trigger,1
Trilemma,1
TripAdvisor,1
Truism,1
Truth,1
Tsar,1
Tunnel_vision,1
Turkey,1
Turkish_Hezbollah,1
Twister_(software),1
Two-phase_flow,1
Tyler_Nella,1
Type_II_string_theory,1
U.S._state,1
Ulrich_Beck,1
Ultrasound,1
Uncertainty,1
Unitary_state,1
United_Arab_Emirates,1
United_Kingdom_withdrawal_from_the_European_Union,1
United_States_Air_Force,1
United_States_Capitol,1
United_States_Congress,1
United_States_Institute_of_Peace,1
United_States_presidential_primary,1
Universal_(metaphysics),1
University_of_Agronomic_Sciences_and_Veterinary_Medicine,1
University_of_Maryland-_College_Park,1
Unmatched_count,1
Us_and_Them_(song),1
Usta≈°e,1
Utilitarianism,1
Uyghurs,1
Vaccination,1
Vacuum,1
Vacuum_mattress,1
Value_pluralism,1
Vandalism,1
Vegetarianism,1
Vein,1
Vein_of_Galen_aneurysmal_malformations,1
Ventricle_(heart),1
Ventricular_assist_device,1
Veto,1
Vibrio_parahaemolyticus,1
Victimisation,1
Victorian_Civil_and_Administrative_Tribunal,1
Video_game,1
Vigilante,1
Virtue,1
Virus,1
Vital_signs,1
Vitrification,1
Vladimir_Putin,1
Voices_of_Animals_and_Men,1
Volgograd,1
Vomiting,1
Voter_model,1
Waic_languages,1
War_crime,1
Wearable_technology,1
Weather_Underground,1
Web-based_experiments,1
Welfare_state,1
Well-being,1
West_Germany,1
Western_Europe,1
Western_States_Endurance_Run,1
Wheeze,1
White_genocide_conspiracy_theory,1
Wikipedia,1
Wild_card_(sports),1
William_James,1
William_Shakespeare,1
Wind_turbine,1
Windmill,1
Word_of_Faith,1
World_Union_of_National_Socialists,1
World_War_II,1
Xenophobia,1
Xenophon,1
Xinjiang,1
Yahoo!_Answers,1
Yasmina_Khadra,1
Yazidis,1
Young_Blood_(The_Coasters_song),1
Youth,1
Zadie_Smith,1
Zealots_(Judea),1
Zeitgeist,1
Zhang_Chengzhi,1
Zimbabwe,1
Zombie,1
(blank),
(blank),