SOCIAL-COHESION-new search-results,Count of SOCIAL-COHESION-new search-results
Social_capital,61
Group_cohesiveness,53
Perception,31
Multiculturalism,17
Netherlands,15
Mental_health,14
Religion,14
Society,14
Quality_of_life,12
Social_environment,11
South_Africa,11
Community,10
Education,10
European_Union,10
Social_network,10
Causality,9
Public_health,9
Sustainability,9
Europe,8
Labour_economics,8
Muslim,8
Family,7
Food_security,7
Urban_renewal,7
Behavior,6
Depression_(mood),6
Economic_inequality,6
HIV,6
Informal_social_control,6
Qualitative_research,6
Social_exclusion,6
Socioeconomics,6
Adolescence,5
Canada,5
Carole_King,5
Culture,5
Democracy,5
Empirical_evidence,5
England,5
Ethnic_group,5
Evolution,5
Health,5
Identity_(social_science),5
Northern_Ireland,5
Public_housing,5
Refugee,5
Social_work,5
Theory,5
Australia,4
China,4
Cognition,4
Demography,4
Economic_growth,4
Ecosystem_services,4
Employment,4
Immigration,4
Interpersonal_relationship,4
Obesity,4
Social_network_analysis,4
Solidarity,4
Spain,4
Systematic_review,4
Theology,4
United_States,4
Urban_agriculture,4
Activism,3
African_Americans,3
Ancient_Greece,3
Asian_Americans,3
Catalonia,3
Diabetes_mellitus_type_2,3
Economic_development,3
Educational_technology,3
Empiricism,3
Experiment,3
Globalization,3
Hong_Kong,3
Human_migration,3
Hurricane_Sandy,3
Information_and_communications_technology,3
Italy,3
Knowledge,3
Language,3
Latin_America,3
Latino_(demonym),3
Lebanon,3
London,3
Longitudinal_study,3
Mexico,3
Motivation,3
Norm_(social),3
Norway,3
Psychology,3
Race_(human_categorization),3
Racial_segregation,3
Residential_segregation_in_the_United_States,3
Rwanda,3
Science,3
Social_influence,3
Social_integration,3
Social_networking_service,3
Social_psychology,3
Social_relation,3
Socioeconomic_status,3
Aesthetics,2
Anxiety,2
Apache_Subversion,2
Authoritarianism,2
Basel_problem,2
Blended_learning,2
Bottlenose_dolphin,2
Bullying,2
Burglary,2
Capitalism,2
Child_abuse,2
Childhood_obesity,2
Chile,2
Citizenship,2
Civil_society,2
Climate_change,2
Collective_action,2
College_town,2
Community_archaeology,2
Community_gardening,2
Concept,2
Condom,2
Consciousness,2
Copenhagen,2
Correlation_and_dependence,2
Counter-terrorism,2
Creative_City,2
Creativity,2
Criminal_justice,2
Cross-sectional_study,2
Diabetes_mellitus,2
Domestic_violence,2
Ecology,2
Education_in_Northern_Ireland,2
Emergence,2
Emotion,2
English_as_a_second_or_foreign_language,2
Epistemology,2
Erosion,2
Ethics,2
Ethnography,2
European_Commission,2
European_integration,2
Europeanisation,2
Facebook,2
Far-right_politics,2
France,2
Gentrification,2
Government,2
Graffiti,2
Great_Recession,2
Green_infrastructure,2
Habitat,2
Hand_washing,2
Happiness,2
Himachal_Pradesh,2
Holism,2
Homophily,2
Hypertension,2
India,2
Infrastructure,2
Interfaith_dialogue,2
Liminality,2
Malm√∂,2
Management,2
Meta-analysis,2
Metaphor,2
Methodology,2
Middle_class,2
Minority_group,2
Missionary,2
Multilevel_model,2
Mumbai,2
Natural_disaster,2
Nature,2
Neoliberalism,2
Northern_England,2
Organisation_for_Economic_Co-operation_and_Development,2
Oslo,2
Oxytocin,2
Parenting,2
Philosophical_realism,2
Physical_exercise,2
Pilot_whale,2
Poland,2
Political_freedom,2
Positive_Youth_Development,2
Posttraumatic_stress_disorder,2
Psychosis,2
Public_administration,2
Public_policy,2
Queensland,2
Questionnaire,2
Racial_segregation_in_the_United_States,2
Racism,2
Recession,2
Reflexivity_(social_theory),2
Religious_education,2
Risk_management,2
Romani_people,2
Scientific_method,2
Slovakia,2
Smart_growth,2
Social_change,2
Social_constructionism,2
Social_determinants_of_health,2
Social_disorganization_theory,2
Social_ecology,2
Social_group,2
Social_inequality,2
Social_media,2
Social_support,2
Social_sustainability,2
Sociology,2
South_Korea,2
Spanish_language,2
Stress_(biology),2
Structural_cohesion,2
Successful_aging,2
Sustainable_development,2
Sweden,2
System_dynamics,2
Tax,2
Technology,2
The_Power_(Snap!_song),2
Time,2
Tool,2
Tsunami,2
Turkey,2
Unemployment,2
Urban_planning,2
Welfare,2
Welfare_state,2
Zimbabwe,2
≈†pancirfest,1
2005_Cronulla_riots,1
A_Rock_and_Roll_Alternative,1
A._N._Other,1
A&E_(TV_channel),1
Aboriginal_Australians,1
Acculturation,1
Achill_Island,1
Acoustic_ecology,1
Active_labour_market_policies,1
Activities_of_daily_living,1
Adaptation,1
Adaptive_capacity,1
Adventure_travel,1
Aerobic_exercise,1
African_initiated_church,1
African_National_Congress,1
Afro-Brazilians,1
Aggression,1
Ahome,1
Alaska,1
Albanians,1
Allotment_(gardening),1
Altab_Ali_Park,1
Alwar,1
Alzheimer's_disease,1
Anatomy,1
Ancient_Egypt,1
Ancient_Greek,1
Animal_communication,1
Animal_echolocation,1
Antarctica,1
Anti-predator_adaptation,1
Antimalarial_medication,1
Arabic,1
Arabs,1
Archaeology_of_trade,1
Argentina,1
Arkhangelsk,1
Artisan,1
Asian_koel,1
Asthma,1
Atherosclerosis,1
Atlanta,1
Attitude_change,1
Autonomy,1
Barcelona,1
Bayesian_probability,1
Bernese_German,1
Betty_Nuovo,1
Bibliotherapy,1
Big_Society,1
Bilbao,1
Binge_drinking,1
Biodiversity,1
Biological_specificity,1
Biology,1
Birmingham,1
Bisexuality,1
Black_Saturday_bushfires,1
Black_theology,1
Body_mass_index,1
Bone_fracture,1
Bonobo,1
Bosnia_and_Herzegovina,1
Boston,1
Botswana,1
Brain,1
Brazil,1
Breast_cancer,1
Brecha_(newspaper),1
Brisbane,1
Britishness,1
Broken_windows_theory,1
Budapest,1
Budget_of_the_European_Union,1
Built_environment,1
Bureaucracy,1
Burundi,1
Business_in_the_Community,1
Byung-Chul_Han,1
Cairo,1
California,1
Cannabis_(drug),1
Cannibalism,1
Cape_Coast,1
Capillary,1
Cardiovascular_disease,1
Catholic_education_in_Australia,1
Catholicism,1
Cauliflower,1
Central_African_Republic,1
Cerebrum,1
Charles_Sanders_Peirce,1
Cheltenham,1
Chernobyl,1
Child_sexual_abuse,1
Chios,1
Christian,1
Christianity,1
Chronic_condition,1
Ciclov√≠a,1
Cinco_Minutos_(song),1
Circulatory_system,1
City-state,1
Civic_political_culture,1
Civil_law_(legal_system),1
Class_discrimination,1
Climate_change_mitigation,1
Close_to_Home_(2005_TV_series),1
Coercion,1
Cognitive_behavioral_therapy,1
Cognitive_dissonance,1
Cohabitation,1
Collective_self-esteem,1
Collective_trauma,1
College_soccer,1
Cologne,1
Comfi,1
Commodification,1
Commonwealth_Games_Federation,1
Communitarianism,1
Communities_and_Residents,1
Community_radio,1
Community_structure,1
Community-based_participatory_research,1
Computer_network,1
Conflict_resolution,1
Conservatism,1
Contract,1
Conversation,1
Cooperation,1
Cooperative,1
Cooperative_learning,1
Coopetition,1
Corporate_social_responsibility,1
Creative_industries,1
Crime_prevention_through_environmental_design,1
Crisis_management,1
Critical_path_method,1
Critical_theory,1
Croatia,1
Croatian_language,1
Cuba,1
Cuban_Revolution,1
Cul-de-sac,1
Cultural_assimilation,1
Cultural_diversity,1
Cultural_economics,1
Cultural_mapping,1
Cultural_policy,1
Cultural_tourism,1
Culture_war,1
Cumbria,1
Current_population_survey_(US),1
Customer_relationship_management,1
Cyprus,1
Dansgaard‚ÄìOeschger_event,1
Decentralization,1
Decision-making,1
Dementia,1
Dentistry,1
Design_of_experiments,1
Determinant,1
Detroit,1
Devolution,1
Dialogic_learning,1
Diaper,1
Diarrhea,1
Diketone,1
Disability,1
Disaster_recovery,1
Discourse,1
Distributive_justice,1
Diurnality,1
DNA_methylation,1
Dog,1
Dominance_(genetics),1
Donggang-_Pingtung,1
Doug_Spowart,1
Douglass_North,1
Drought,1
Dutch_language,1
Dyad_(sociology),1
E._M._Forster,1
East_London-_Eastern_Cape,1
East_Timor,1
Eastern_Cape,1
Eastern_Europe,1
Eastern_Region_(Ghana),1
Ebola_virus_disease,1
Economic_interventionism,1
Ecosystem-based_management,1
Edentulism,1
Education_for_Citizenship_(Spain),1
Education_in_China,1
Education_in_Honduras,1
Education_in_Serbia,1
Education_in_Singapore,1
Education_in_Sri_Lanka,1
Education_in_the_United_States,1
Educational_evaluation,1
El_Dorado,1
Elective_Affinities,1
Electronic_cigarette,1
Eliza_Cook,1
Email,1
Emotional_and_behavioral_disorders,1
Empirical_research,1
Energy,1
Energy_security,1
Engineering,1
English_Canadian,1
Entrepreneurship,1
Environmental_law,1
Epidemiology,1
Epileptic_seizure,1
Equal_opportunity,1
Equestrianism,1
Esm√©e_Fairbairn_Foundation,1
Estonia,1
Ethics_and_religious_culture,1
Ethics_in_management,1
Ethiopia,1
Ethnic_cleansing,1
Ethnic_joke,1
Ethnocentrism,1
Ethnoreligious_group,1
Europe_2020,1
European_Social_Survey,1
Eurozone,1
EV/EBITDA,1
EverQuest_II,1
Evolutionary_musicology,1
Experience,1
Facing_Fear,1
Faith_healing,1
Feedback,1
Fiji,1
File_sharing,1
Fishery,1
Flow_(psychology),1
Focus_group,1
Football,1
For_but_not_with,1
Foreign_policy,1
Fractionalization,1
Framework_Convention_for_the_Protection_of_National_Minorities,1
Free_rider_problem,1
Freedom_of_speech,1
Fujian,1
Fuzzy_clustering,1
Fuzzy_logic,1
Gallup_(company),1
Gender,1
Gender_role,1
Generation_Nothing,1
Generativity,1
Genocide,1
Geographic_information_system,1
George_VI,1
German_Empire,1
Germany,1
Ghana,1
Glasgow,1
Glossary_of_BitTorrent_terms,1
Golden_Rule,1
Gothic_Revival_architecture,1
Governmentality,1
Grassroots,1
Great_Expectations,1
Greater_Manchester,1
Greeks,1
Green_prescription,1
Group_psychotherapy,1
Group_size_measures,1
Groupthink,1
Gunpowder,1
Hanoi,1
Harmonious_Society,1
Harmony,1
Harsha,1
Hate_crime,1
Health_care_in_Spain,1
Health_equity,1
Health_impact_assessment,1
Health_policy,1
Health_promotion,1
HealthEquity,1
Herfindahl_index,1
Heritage_tourism,1
Heterodoxy,1
Hidden_profile,1
Hierarchy,1
High_School_Musical_(soundtrack),1
High-speed_rail,1
Highlands_of_Iceland,1
Hijab,1
Hispanic_paradox,1
Historical_fiction,1
History_of_China,1
HM_Prison_Crumlin_Road,1
Hominidae,1
Hominini,1
Homogeneity_and_heterogeneity,1
House,1
House_sparrow,1
Housing_First,1
Houston,1
Human_resource_management,1
Human_sacrifice,1
Human_sexuality,1
Hurricane_Ike,1
IBM_BASIC,1
Ibn_Khaldun,1
Icebreaker,1
Id-_ego_and_super-ego,1
Image_processing,1
Inclusive_entrepreneurship,1
Indigenous_peoples,1
Indigestion,1
Individual,1
Individualism,1
Indonesia,1
Infant_mortality,1
Infection,1
Infection_control,1
Informal_learning,1
Information,1
Information_technology,1
Ingroups_and_outgroups,1
Innovation,1
Insomnia,1
Instrumental_variable,1
Intellectual_disability,1
Intercultural_competence,1
Intercultural_relations,1
Interculturalism,1
Internal_market,1
International_relations,1
International_Social_Survey_Programme,1
Iran,1
Ireland,1
Irrigation,1
Islamic_terrorism,1
Islamophobia,1
It_Takes_a_Village,1
Japan,1
Japanese_cuisine,1
Jay_Wright_Forrester,1
Jews,1
Job_embeddedness,1
Job_satisfaction,1
John_Favour,1
John_Mbiti,1
Judgement,1
Justice,1
Justice_League:_Generation_Lost,1
Kenya,1
Kilosa_District,1
Kinship,1
Knowledge_economy,1
Korea,1
Kristy_Gazes,1
Kuala_Lumpur,1
La√Øcit√©,1
Labor_mobility,1
Land_degradation,1
Land_tenure,1
Language_policy,1
Late_Antiquity,1
Laterality,1
Leadership,1
Legitimacy_(political),1
Leisure,1
LGBT_community,1
Liberalism,1
Linear_regression,1
Linked_data,1
Lion,1
Lisbon_Strategy,1
Lithuania,1
Little_Italy,1
Localism_(politics),1
Logic,1
Logistic_regression,1
Logistics,1
Lombardy,1
Los_Angeles,1
Louisiade_Archipelago,1
Love_Is_in_the_Air_(Desperate_Housewives),1
Lucian_Blaga_University_of_Sibiu,1
Lyon,1
Macroeconomics,1
Magdalenian,1
Maize,1
Malay_language,1
Malnutrition,1
Management_of_HIV/AIDS,1
Manchukuo,1
Mandarin_Chinese,1
Manhattan,1
Marc_Jeannerod,1
Marine_biology,1
Marketing_mix,1
Marseille,1
Mass_media,1
Massive_open_online_course,1
Media_regulation,1
Medicine_wheel,1
Meditation,1
Mediterranean_Basin,1
Mega_Sport,1
Mein_Kampf,1
Melon-headed_whale,1
Mental_disorder,1
Methamphetamine,1
Metric_(mathematics),1
Mexico_City,1
MƒÅori_people,1
Microbial_ecology,1
Microecology,1
Microfinance,1
Microscope,1
Microsociology,1
Middle_East,1
Migrant_worker,1
Mimesis,1
Mind,1
Mixed-income_housing,1
Mobile_phone,1
Modernism,1
Monetary_policy,1
Monopoly,1
Montreal,1
Moral_panic,1
Morality,1
Mosque,1
Mount_Airy-_Philadelphia,1
Mount_Vesuvius,1
Multi-level_governance,1
Multilingualism,1
Music_education,1
Music_For_Listening,1
Myocardial_infarction,1
Nairobi,1
Nanotechnology,1
National_Longitudinal_Study_of_Adolescent_to_Adult_Health,1
Nationalism,1
Nationalization,1
Nativization,1
Natural_environment,1
Natural_resource_management,1
Natural_selection,1
Naturalization,1
Neighborhood_watch,1
Neolithic,1
Nepal,1
Neville_Alexander,1
New_France,1
New_media,1
New_Urbanism,1
New_York_City,1
Nicaragua,1
Non_liquet,1
Non_pensarci,1
Norm_of_reciprocity,1
North_Caucasus,1
North_Korea,1
Nutrition,1
Objectivity_(philosophy),1
Obsidian,1
Ochre,1
Of_Love_and_Politics,1
Online_community,1
Online_participation,1
Online_segregation,1
Open_access,1
Open_space_reserve,1
Operations_research,1
Organization,1
Osteoarthritis,1
Out_of_the_Cradle,1
Ovary,1
Pair_bond,1
Pakistan,1
Palestine_(region),1
Palestinian_territories,1
Palestinians,1
Palm_oil,1
Panarchy,1
Paradox,1
Paralympic_sports,1
Parameter,1
Participatory_Guarantee_Systems,1
Participatory_theatre,1
Passion_(emotion),1
Pathways_To_Peace,1
Pedagogy,1
Pension_model,1
Perfectionism_(psychology),1
Performativity,1
Permeability_(earth_sciences),1
Perth,1
Pessimism,1
Phenomenology_(philosophy),1
Philopatry,1
Photovoice,1
Pittsburgh,1
Place_attachment,1
Place_branding,1
Plague_Mass,1
Polarization_(politics),1
Police,1
Policy,1
Political_economy,1
Political_party,1
Politics_of_the_United_Kingdom,1
Polycentrism,1
Polynomial,1
Porto_Alegre,1
Portuguese_language,1
Positivism,1
Post-Soviet_states,1
Postmodernism,1
Posttraumatic_growth,1
Poverty,1
Power_(social_and_political),1
Practitioner_research,1
Pragmatism,1
Pre-exposure_prophylaxis,1
Precarity,1
Preciziei_metro_station,1
Prefigurative_politics,1
Prehistoric_Ireland,1
Prejudice,1
Preschool,1
Presidencies_and_provinces_of_British_India,1
Preterm_birth,1
Preventive_healthcare,1
Primate,1
Privatization,1
Problem_solving,1
Procedural_justice,1
Process_philosophy,1
Product_Development_and_Management_Association,1
Project_Hope,1
Project_management,1
Prosocial_behavior,1
Prostitution,1
Protected_area,1
Psychiatry,1
Psychological_abuse,1
Psychometrics,1
Psychopathology,1
Psychotherapy,1
Public_relations,1
Puebla,1
Pussy_Riot,1
Qanat,1
Quantitative_research,1
Queens,1
Quilombola,1
Race_and_ethnicity_in_the_United_States_Census,1
Rangeland,1
Rashi,1
Reciprocity_(cultural_anthropology),1
Refugee_camp,1
Religious_broadcasting,1
Religious_violence,1
Remote_sensing,1
Renewable_energy,1
Reproductive_health,1
Reproductive_technology,1
Republic_of_Macedonia,1
Revolution,1
RFM_(radio),1
Right-wing_politics,1
Rights,1
Risk,1
Risk_factor,1
Risk_perception,1
Ritual,1
Romania,1
Russian_Soviet_Federative_Socialist_Republic,1
Rwandan_genocide,1
Sales_and_operations_planning,1
Sampling_(statistics),1
San_Diego,1
Santiago,1
Sarafina!_(musical),1
Saudi_Arabia,1
School_choice,1
School_voucher,1
Secession,1
Second_Polish_Republic,1
Secondary_school,1
Secularism,1
Sedentary_lifestyle,1
Self_care,1
Self-concept,1
Self-determination,1
Self-efficacy,1
Self-employment,1
Self-insurance,1
Semiotics,1
Sexual_dimorphism,1
Sexual_intercourse,1
Sexually_transmitted_infection,1
Shame,1
Shanghai,1
Shark,1
Shenzhen,1
Short_food_supply_chains,1
Short-finned_pilot_whale,1
Shurugwi_District,1
Siddi,1
Silent_majority,1
Situation_awareness,1
Skill,1
Slash-and-burn,1
Slovenia,1
Slum_upgrading,1
Smart_city,1
Social_behavior,1
Social_exchange_theory,1
Social_impact_assessment,1
Social_justice,1
Social_quality,1
Social_science,1
Social_security,1
Social_status,1
Social_stigma,1
Social_vulnerability,1
Society_for_International_Development,1
Sofia,1
Southeast_Asia,1
Southern_Europe,1
Space,1
Spatial_analysis,1
Spatial_network,1
Spatial_planning,1
Spirituality,1
Stargate_SG-1_(season_9),1
State_religion,1
Statistics,1
Stock_and_flow,1
Stokkseyri,1
Street_harassment,1
Structural_adjustment,1
Structural_functionalism,1
Structural_Funds_and_Cohesion_Fund,1
Student-centred_learning,1
Subject_(philosophy),1
Subjective_well-being,1
Subjectivity,1
Subsidiarity,1
Substance_abuse,1
Suicide,1
Sulawesi,1
Sundarbans,1
Superorganism,1
Supply_chain,1
Survey_methodology,1
Sutherland_Shire,1
Swiss_neutrality,1
Symbiosis,1
T≈Çƒ±Ã®ch«´,1
Taiwan,1
Taraba_(state),1
Tariq_Ramadan,1
Tatar_Autonomous_Soviet_Socialist_Republic,1
Taylor_&_Francis,1
Team_sport,1
Technological_convergence,1
Telecommuting,1
Telomere,1
Temple_garment,1
Testosterone,1
The_Blue_Economy,1
The_Day_After,1
The_Fall_Risk,1
The_Fear_(Lily_Allen_song),1
The_Lucky_Country,1
The_Politics_of_Reality,1
The_Ugly_Duckling,1
The_Way_It_Came,1
Theatre_of_the_Oppressed,1
Theory_of_planned_behavior,1
There_Goes_the_Fear,1
Thermoeconomics,1
Thought,1
Thumb_Wars,1
Time_travel,1
Tirana,1
To_Have_or_to_Be?,1
Toleration,1
Totalitarianism,1
Tradition,1
Traditional_knowledge,1
Traffic,1
Transitional_justice,1
Transitivity_(grammar),1
Treasure_Hill,1
Tribe,1
Trondheim_Business_School,1
Trust_(emotion),1
Tuberculosis,1
Turin,1
Twitter,1
Two_in_a_Million,1
Tyneside,1
Ubuntu_(philosophy),1
Unintended_consequences,1
United_Arab_Emirates,1
United_Kingdom,1
Universalism,1
Urban_design,1
Urban_refugee,1
Urban_sprawl,1
Urbanization,1
Urbicide,1
Utopia,1
Valence_(psychology),1
Validity_(statistics),1
Value_(ethics),1
Value_engineering,1
Vertebrate,1
Victimisation,1
Virtual_Collaborative_Learning,1
Virtual_community,1
Vocational_education,1
Voluntary_association,1
Voluntary_sector,1
Walkability,1
War,1
Wastewater,1
We_Are_the_Living,1
Welfare_reform,1
West_Bank,1
West_Pakistan,1
Western_Europe,1
What's_My_Line?,1
White_blood_cell,1
White_British,1
White_matter,1
Wildfire,1
William_Wordsworth,1
Wish_You_Were_Here_(Pink_Floyd_album),1
Women's_association_football,1
Work‚Äìlife_balance,1
World_Pond_Hockey_Championships,1
World_War_II,1
Yobe,1
Yoruba_religion,1
Youth_detention_center,1
Zebrafish,1
Zombie,1
(blank),
(blank),